phase,n_black,W_black,D_black,L_black,rate_black,ci_black_lo,ci_black_hi,n_white,W_white,D_white,L_white,rate_white,ci_white_lo,ci_white_hi,odds_ratio,fisher_p,black_side_rate,black_side_lo,black_side_hi,fisher_p_holm,significant_holm
1. Random vs Random (sanity check),200,85,13,102,0.425,0.35853495209243025,0.4942919487953179,200,105,11,84,0.525,0.45597270710507,0.5930849925990139,0.6687370600414079,0.05698519822028715,0.4225,0.375054573432128,0.4714198858608225,0.5128667839825843,False
2. Heuristic vs Random,200,156,7,37,0.78,0.7176107720803744,0.8318354646053661,200,167,4,29,0.835,0.7773410172613647,0.8800321587733603,0.7005988023952096,0.20454062252414573,0.4625,0.4142263811170028,0.5114870669279734,1.0,False
3. Minimax AB vs Heuristic,84,83,1,0,0.9880952380952381,0.9356030079821146,0.9978954710984119,84,84,0,0,1.0,0.9562667346678565,0.9999999999999999,0.0,1.0,0.49404761904761907,0.41942713543049287,0.5689342392308231,1.0,False
4. MCTS vs Heuristic,50,49,0,1,0.98,0.8950431352816304,0.9964608319110235,50,49,0,1,0.98,0.8950431352816304,0.9964608319110235,1.0,1.0,0.5,0.40382982859014716,0.5961701714098528,1.0,False
5. Descent vs Heuristic,50,46,1,3,0.92,0.8116149745493629,0.9684509967442093,50,49,0,1,0.98,0.8950431352816304,0.9964608319110235,0.23469387755102042,0.36217848588982604,0.47,0.3751065198210374,0.5671131686275227,1.0,False
6. Descent vs Minimax AB,50,28,0,22,0.56,0.4230578680014353,0.6883801278976466,50,50,0,0,1.0,0.9286499658256813,1.0,0.0,2.420867584937465e-08,0.28,0.2013955916759837,0.37488212361345724,2.4208675849374653e-07,True
8.  Heuristic CNN vs Heuristic,200,165,4,31,0.825,0.7663545078991807,0.8713955882539106,200,163,1,36,0.815,0.7554281794988185,0.8626988367726394,1.07011393514461,0.8965335887567565,0.5025,0.4537104387832728,0.5512419980137288,1.0,False
9.  Minimax AB CNN vs Minimax AB,50,50,0,0,1.0,0.9286499658256813,1.0,50,50,0,0,1.0,0.9286499658256813,1.0,,1.0,0.5,0.40382982859014716,0.5961701714098528,1.0,False
10. MCTS CNN vs MCTS,50,43,0,7,0.86,0.738135428014719,0.9304925473797714,50,47,0,3,0.94,0.8378265662912299,0.9793854036353695,0.39209726443769,0.31784001971109244,0.46,0.36560643853331865,0.5573531460647615,1.0,False
11. Descent CNN vs Descent,50,50,0,0,1.0,0.9286499658256813,1.0,50,48,0,2,0.96,0.8653966212204534,0.9889613473391734,inf,0.4949494949494949,0.52,0.4231640509017654,0.6153561567991945,1.0,False
