phase,n,W,D,L,rate_all,ci_all_lo,ci_all_hi,verdict_all,n_decisive,rate_dec,ci_dec_lo,ci_dec_hi,verdict_dec,verdict_changed
1. Random vs Random (sanity check),400,190,24,186,0.475,0.4265318481465433,0.5239437838834407,n.s.,376,0.5053191489361702,0.45498474892152807,0.5555459565093673,n.s.,False
2. Heuristic vs Random,400,323,11,66,0.8075,0.766010151768214,0.8431395742629825,P1 better,389,0.8303341902313625,0.7898467074758321,0.8643609935415754,P1 better,False
3. Minimax AB vs Heuristic,168,167,1,0,0.9940476190476191,0.9670573913601588,0.9989485117506134,P1 better,167,1.0,0.977513673484678,0.9999999999999999,P1 better,False
4. MCTS vs Heuristic,100,98,0,2,0.98,0.9299868370580063,0.9944981477650318,P1 better,100,0.98,0.9299868370580063,0.9944981477650318,P1 better,False
5. Descent vs Heuristic,100,95,1,4,0.95,0.8882480347279118,0.9784566385436864,P1 better,99,0.9595959595959596,0.9006783167602219,0.9841776170253278,P1 better,False
6. Descent vs Minimax AB,100,78,0,22,0.78,0.6892946528499969,0.849988254963442,P1 better,100,0.78,0.6892946528499969,0.849988254963442,P1 better,False
8.  Heuristic CNN vs Heuristic,400,328,5,67,0.82,0.7793616474280234,0.8545502625881809,P1 better,395,0.830379746835443,0.7902276971389524,0.86416743115258,P1 better,False
9.  Minimax AB CNN vs Minimax AB,100,100,0,0,1.0,0.9630051925239981,0.9999999999999999,P1 better,100,1.0,0.9630051925239981,0.9999999999999999,P1 better,False
10. MCTS CNN vs MCTS,100,90,0,10,0.9,0.8256326956323347,0.9447714583868639,P1 better,100,0.9,0.8256326956323347,0.9447714583868639,P1 better,False
11. Descent CNN vs Descent,100,98,0,2,0.98,0.9299868370580063,0.9944981477650318,P1 better,100,0.98,0.9299868370580063,0.9944981477650318,P1 better,False
