phase,num,name,n,p1_win_pct,draw_pct,p2_win_pct,ci_lo_pct,ci_hi_pct,verdict,s_per_game,total_min,cnn
1. Random vs Random (sanity check),1,Random vs Random,400,47.5,6.0,46.5,42.65318481465433,52.394378388344066,n.s.,0.0068327499999999985,0.04555166666666666,False
2. Heuristic vs Random,2,Heuristic vs Random,400,80.75,2.75,16.5,76.60101517682139,84.31395742629824,P1 better,0.02728375,0.18189166666666665,False
3. Minimax AB vs Heuristic,3,Minimax AB vs Heuristic,168,99.4047619047619,0.5952380952380952,0.0,96.70573913601588,99.89485117506133,P1 better,6.872642261904763,19.243398333333335,False
4. MCTS vs Heuristic,4,MCTS vs Heuristic,100,98.0,0.0,2.0,92.99868370580063,99.44981477650317,P1 better,30.190383999999998,50.31730666666667,False
5. Descent vs Heuristic,5,Descent vs Heuristic,100,95.0,1.0,4.0,88.82480347279117,97.84566385436864,P1 better,30.874570000000002,51.457616666666674,False
6. Descent vs Minimax AB,6,Descent vs Minimax AB,100,78.0,0.0,22.0,68.9294652849997,84.9988254963442,P1 better,37.940372,63.23395333333334,False
8.  Heuristic CNN vs Heuristic,8,Heuristic CNN vs Heuristic,400,82.0,1.25,16.75,77.93616474280233,85.4550262588181,P1 better,0.144025,0.9601666666666666,True
9.  Minimax AB CNN vs Minimax AB,9,Minimax AB CNN vs Minimax AB,100,100.0,0.0,0.0,96.30051925239981,99.99999999999999,P1 better,34.224426,57.040710000000004,True
10. MCTS CNN vs MCTS,10,MCTS CNN vs MCTS,100,90.0,0.0,10.0,82.56326956323346,94.4771458386864,P1 better,56.391435,93.985725,True
11. Descent CNN vs Descent,11,Descent CNN vs Descent,100,98.0,0.0,2.0,92.99868370580063,99.44981477650317,P1 better,61.694699,102.82449833333334,True
