epoch,lr,loss/train,loss/valid,mae/train,mae/valid,pearson/valid,spearman/valid,r2/valid,sign_acc/valid,pred_std/valid
1,0.01,189.1390903331322,177.7371910564986,10.594689642818013,10.25253279503453,0.5779338894910456,0.5258870702898852,0.3325150337667129,0.7144094825293162,9.807143125441515
2,0.01,179.57940971971385,175.19497375159804,10.252789537342023,10.116929862758639,0.5868771206400257,0.5358975810601864,0.3420622302015288,0.719393687602439,9.614742095520649
3,0.01,176.2048761641566,175.09768847089887,10.122055329132474,10.145154103962795,0.5913995210313007,0.5397817219991193,0.3424275807903122,0.7156165847998844,10.235875759447783
4,0.01,174.34821461176958,171.4629228010936,10.051940960214495,9.997601262489647,0.5976046761721098,0.5474353198727985,0.35607779957814933,0.7238003075387527,9.41430200233903
5,0.01,173.08937007038804,170.71506705415558,10.004427896272366,9.944697351103667,0.600057125787894,0.5496493891932276,0.358886342439912,0.7236369117434711,9.930907606971495
6,0.01,172.25100274865076,169.5875109181665,9.972543597191713,9.908415359371515,0.6028270334805815,0.5539963499615426,0.3631208347076572,0.7252265375037682,9.861866999364326
7,0.01,171.57200986465148,169.33118706727555,9.949207290810303,9.885529092391797,0.6035595242277959,0.5561086367420115,0.3640834488688256,0.7267173658064533,10.070841815492543
8,0.01,171.08043748959577,169.9728989590893,9.929612203959522,9.932336307486683,0.601612130765325,0.5519921590749732,0.36167352448315404,0.7239295042140915,10.012020584834657
9,0.01,170.6410267293804,168.89874105897357,9.914389202609241,9.873544096703037,0.6057953775787535,0.557294475321338,0.36570748217136795,0.726371574704811,10.440369522659413
10,0.01,170.28645431651367,169.33188775361813,9.902548201946146,9.887399581483242,0.605496849905842,0.5567099326369995,0.3640808168628259,0.724650219001031,10.38069710184376
11,0.01,170.0372228213572,169.18104817905132,9.892507488061618,9.889967134533308,0.604066702387537,0.5555555401349326,0.3646472888327946,0.7250593418062709,10.114838764678646
12,0.01,169.79090580947084,169.87326735858434,9.88326792229382,9.921459575727397,0.6048548956831816,0.5565237262009987,0.36204768826185774,0.726698366295374,10.604862411035912
13,0.01,169.6053024008126,168.05483184451256,9.876042490307954,9.852933218890348,0.6082465702138596,0.5599259668267343,0.368876749687683,0.7274089480097379,10.358981471831317
14,0.01,169.43530686507202,168.5781217989441,9.869805318137267,9.866671094436226,0.6064366891910337,0.5581152673907882,0.3669115551033061,0.7272759514321832,10.236267711796323
15,0.01,169.1980231338888,168.44140783518466,9.860959742901466,9.84616673633642,0.6075734844201477,0.5604203277676566,0.36742497831582177,0.7284007224880746,10.12154197857496
16,0.01,169.0537058525581,169.0779592185409,9.856886612879174,9.877809133075262,0.6043357780360245,0.5554604986486261,0.36503443545104985,0.7247401500201395,9.856261792798087
17,0.01,168.86106983725253,167.83248853154694,9.849895334047845,9.82068993393832,0.6086307309443232,0.5604039998583644,0.36971175144086366,0.7282208604498578,10.368835803792333
18,0.01,168.7669653466717,168.59789957757496,9.846021983268093,9.888105886925835,0.6059354361359256,0.5578729097205444,0.366837280342279,0.7268807616017348,10.044860825677805
19,0.01,168.5851328678704,168.7128727107421,9.838336147035145,9.860638264677753,0.6076008930668454,0.559030942303844,0.36640550343699607,0.7281790615254834,10.143828095275513
20,0.01,168.43544777710136,168.22506054804657,9.833905954557945,9.849626497457956,0.6074799347718719,0.5588129275972277,0.3682374624560777,0.7285273858952697,10.101324100417793
21,0.01,168.33439359999147,168.25453655662142,9.828564894415578,9.84561200187761,0.6073566716776652,0.5584937840162494,0.3681267669898556,0.727963733733252,10.28899261941999
22,0.01,168.22564785612377,167.7201847773941,9.825087619756456,9.846477389022171,0.6089959136316864,0.561281190906658,0.3701335030399827,0.7276458085811925,10.372170788680334
23,0.01,168.09599623492826,167.98188114254953,9.820506599126556,9.826321098389117,0.6084446356472978,0.5592845510494747,0.3691507142719519,0.7266907664909423,10.315585795928746
24,0.01,168.07030003803686,168.11027886255715,9.819209235720786,9.859300858652768,0.6095885139240511,0.5623687524762273,0.36866852098762304,0.7266819000524386,9.983878267600664
25,0.01,167.9339440555093,169.67588052861873,9.815106175065987,9.949299383501788,0.6024207005547698,0.5543439165011401,0.3627889660868123,0.7261942459347379,10.010051500142493
26,0.01,167.90400540395893,167.4104324634936,9.813078938851998,9.812070537629934,0.6097658141943324,0.562523533239207,0.37129676563538516,0.7292810331680798,10.30958162662835
27,0.01,167.77917427802538,167.79687405534347,9.809256747038186,9.863716540657409,0.6085098010724798,0.562080936176995,0.36984550009916306,0.7278180708149777,9.993326208307119
28,0.01,167.72943037881876,167.85437283907189,9.807108150312263,9.826091358985996,0.6081737646654586,0.5602408329771832,0.3696295654437308,0.7292443007799932,10.158392009138696
29,0.01,167.56612929853304,168.2933476390292,9.800341755342659,9.818547386934402,0.6084549771212326,0.5597833483894503,0.3679810129238087,0.7248706133295503,10.507387503779531
30,0.01,167.53959751523544,167.5676930847011,9.799088501430223,9.806096560895607,0.6096149142005143,0.5623285144854255,0.3707061796846135,0.7285653849174282,10.127189870423223
31,0.001,163.55736934953015,164.51891404416702,9.648657827176283,9.691437909608375,0.6184091673316431,0.5723538980241993,0.3821557485655538,0.7332025322548367,10.283602278480476
32,0.001,162.5031127145484,164.3001858551151,9.61186135301976,9.682922262217264,0.6190448111636573,0.5731176982061384,0.38297717387115515,0.7342361056575477,10.341889383972116
33,0.001,161.96086829468342,164.24612272446143,9.594782037846057,9.67940428737513,0.6195403952720764,0.5737266347175665,0.3831802055615787,0.733773784221286,10.34722611784517
34,0.001,161.5451078081953,164.2861996268883,9.580650514392456,9.676353384320478,0.6196524721549308,0.5741178746627945,0.3830296990635129,0.7339929119157333,10.560042993478792
35,0.001,161.2925335871033,164.2637546390574,9.572092965273463,9.676249875853374,0.619314517676624,0.5737346852662094,0.3831139892388389,0.7341626408813746,10.37776688488415
36,0.001,161.03663527888014,164.24470444779806,9.564690872015325,9.675190271676154,0.6196188549417033,0.5740592343904773,0.38318553168523006,0.7343703688691744,10.49443754213957
37,0.001,160.75149205231986,164.9048036946843,9.554477531966656,9.704176744093154,0.6184408739235181,0.572751536605341,0.38070655510602425,0.7331999989866927,10.352598695259216
38,0.001,160.51548121663143,164.76602652858676,9.54868667770851,9.693265200724884,0.6179356877122255,0.5722077874879649,0.3812277281544665,0.7335179241387522,10.48082724521449
39,0.001,160.33775280873473,164.41753682038646,9.542475807486074,9.683103961074137,0.6189149162030652,0.573310986988675,0.38253646712430756,0.7339903786475894,10.466473294459806
40,0.001,160.1348211074891,164.3061494066274,9.536788077269863,9.673132944807813,0.6190360900860893,0.5737023752248229,0.3829547776181572,0.7345654305162547,10.261066165946543
41,0.001,160.00404107848678,164.61549321586085,9.531671346227835,9.677249350632408,0.6190870805295681,0.5738360352455965,0.38179304961066307,0.7333671946841901,10.636213467493487
42,0.001,159.8443976402417,164.75299316403945,9.527806766907673,9.690523111394825,0.6184501676232079,0.5729547109245257,0.3812766743189254,0.7333633947819743,10.612866622604736
43,0.001,159.64796696554768,164.84667844707104,9.52101895893038,9.696318884155692,0.6176661124429317,0.571891238781532,0.38092484299931306,0.7337117191517605,10.445190370496986
44,0.001,159.49277785415205,164.5561397994258,9.516837195949021,9.684393953466541,0.6183264837355036,0.5727347985899082,0.38201594797240357,0.7339333801143517,10.324544807437528
45,0.001,159.35281582360892,164.93586561554196,9.513397549547417,9.689041904283298,0.618241667917728,0.5727022203058312,0.38058990285232597,0.7333899940974852,10.642212359557226
46,0.001,159.21759160148883,164.85675837552222,9.508657011634888,9.687441893898502,0.6180571410773434,0.5723385064982456,0.3808869882501803,0.7331455337215989,10.625478336597256
47,0.001,159.0563218159045,165.00097578251365,9.50496577427851,9.69412340087297,0.6179716937972067,0.5723592311369565,0.3803453852986648,0.7329884710966771,10.598369894346554
48,0.001,158.91152827218855,164.87344604165727,9.500412869911967,9.695125256526474,0.6178151655703026,0.5724672399722753,0.3808243175290129,0.7338561154359627,10.561115256453448
49,0.001,158.8459967276789,164.73495762300465,9.498238794011947,9.689276269506816,0.6178723501323554,0.5727306111631708,0.38134440638898015,0.7336141883282203,10.416308331743343
50,0.001,158.70379425038118,165.0010152832611,9.494130877060204,9.698454265629328,0.6172638493307938,0.5716359385132528,0.38034523563270584,0.7329124730523601,10.488966514671118
51,0.0001,158.01715170709397,165.02317872274534,9.470879343763864,9.689257791869405,0.6179399888959664,0.5725542762916429,0.3802620013131629,0.7328428081784029,10.521117656703474
52,0.0001,157.75360683611044,165.03088545629413,9.461582675927627,9.689036640744105,0.618209176504253,0.573013570164123,0.3802330612118656,0.7331151345038721,10.611709340005818
53,0.0001,157.6670053928081,164.66771381540988,9.458287824103673,9.682701708039401,0.6182140938369358,0.5730884677845711,0.3815969374930338,0.7340169779631004,10.471128440083131
54,0.0001,157.58147481731612,164.91929656611157,9.45543185519346,9.686966354130316,0.6180062383538527,0.5727849022496159,0.3806521280778272,0.7333899940974852,10.642428088285847
55,0.0001,157.5665869878605,164.79344500730087,9.455776048405616,9.682722230151555,0.6180445869058727,0.572906248132909,0.3811247585715659,0.7333849275611974,10.512537505298605
56,0.0001,157.45698000473655,164.74770119712386,9.452635688386202,9.684219709429309,0.6180727488358058,0.5729441288800948,0.38129654761629617,0.7336382543755874,10.451436253152874
57,0.0001,157.41454715799284,164.99229378329662,9.450927504662639,9.688561967187207,0.617680501517055,0.5725195394269449,0.38037798957052504,0.7333671946841901,10.604768336008462
58,0.0001,157.4511584243333,164.8501345834315,9.45127644624242,9.686349162343992,0.6179606165669057,0.5729134027092211,0.38091186358007867,0.7339118473351286,10.587267428486756
59,0.0001,157.35085436985588,165.29900126525715,9.449062820074657,9.69927618373425,0.6176967177362319,0.5725078050589071,0.3792261624165514,0.7328098756925322,10.653850146972541
60,0.0001,157.35794394465984,165.0429985716557,9.449303424793904,9.689790435455192,0.6177363428293311,0.5726121225176045,0.38018756997951897,0.7333152626872402,10.587522708561155
